Policy_ID,Entry_Age,Gender,SA_INR,SA_Lakh,Net_Premium,Gross_Premium,BEL
1,27,F,4200000,42,4195.0,5876.0,-5410.0
2,48,F,1700000,17,10336.0,14477.0,-12854.0
3,45,F,1600000,16,7498.0,10501.0,-9425.0
4,38,M,3200000,32,10066.0,14099.0,-12800.0
5,38,M,4300000,43,13527.0,18945.0,-17200.0
6,51,F,2600000,26,20295.0,28425.0,-24909.0
7,27,M,1200000,12,1536.0,2151.0,-1976.0
8,46,F,1200000,12,6140.0,8600.0,-7693.0
9,31,M,1100000,11,1850.0,2590.0,-2374.0
10,27,M,900000,9,1152.0,1613.0,-1482.0
11,41,M,2700000,27,11245.0,15749.0,-14196.0
12,55,F,4600000,46,49405.0,69194.0,-59348.0
13,47,M,2500000,25,17793.0,24920.0,-21968.0
14,48,M,700000,7,5426.0,7600.0,-6666.0
15,47,M,2300000,23,16370.0,22927.0,-20210.0
16,49,M,2300000,23,19394.0,27162.0,-23703.0
17,40,M,7900000,79,29984.0,41995.0,-37954.0
18,28,F,1100000,11,1167.0,1634.0,-1504.0
19,51,M,2000000,20,19882.0,27847.0,-24023.0
20,38,F,6400000,64,15748.0,22055.0,-20118.0
21,40,F,3200000,32,9506.0,13313.0,-12101.0
22,36,M,3400000,34,8862.0,12412.0,-11309.0
23,30,M,2700000,27,4206.0,5891.0,-5403.0
24,53,M,3000000,30,35000.0,49020.0,-41749.0
25,49,M,3800000,38,32042.0,44877.0,-39162.0
26,44,M,1600000,16,8754.0,12260.0,-10945.0
27,37,F,4100000,41,9179.0,12855.0,-11743.0
28,50,F,1200000,12,8629.0,12085.0,-10640.0
29,41,F,3000000,30,9782.0,13700.0,-12427.0
30,38,M,2800000,28,8808.0,12336.0,-11200.0
31,38,M,1800000,18,5662.0,7931.0,-7200.0
32,32,F,2500000,25,3560.0,4987.0,-4579.0
33,27,M,1800000,18,2304.0,3226.0,-2964.0
34,42,M,1400000,14,6392.0,8953.0,-8047.0
35,52,M,2100000,21,22628.0,31691.0,-27170.0
36,26,M,1400000,14,1698.0,2378.0,-2186.0
37,51,M,3000000,30,29824.0,41770.0,-36034.0
38,50,M,1300000,13,11910.0,16680.0,-14475.0
39,33,M,3700000,37,7346.0,10289.0,-9412.0
40,44,F,1300000,13,5573.0,7805.0,-7026.0
41,30,F,1800000,18,2189.0,3066.0,-2819.0
42,48,M,1800000,18,13953.0,19542.0,-17142.0
43,46,F,5200000,52,26608.0,37266.0,-33336.0
44,35,F,3000000,30,5570.0,7801.0,-7144.0
45,27,M,2200000,22,2816.0,3943.0,-3623.0
46,55,M,3300000,33,45029.0,63066.0,-52945.0
47,38,M,800000,8,2517.0,3525.0,-3200.0
48,52,M,2400000,24,25860.0,36219.0,-31051.0
49,46,F,7500000,75,38377.0,53749.0,-48080.0
50,49,M,2700000,27,22767.0,31886.0,-27825.0
51,48,M,2600000,26,20154.0,28227.0,-24761.0
52,31,M,3400000,34,5717.0,8007.0,-7338.0
53,36,M,4100000,41,10687.0,14968.0,-13638.0
54,39,F,800000,8,2163.0,3030.0,-2759.0
55,40,M,1000000,10,3795.0,5316.0,-4804.0
56,26,M,2800000,28,3396.0,4756.0,-4371.0
57,41,M,1700000,17,7080.0,9916.0,-8939.0
58,29,M,5100000,51,7399.0,10362.0,-9511.0
59,48,M,2100000,21,16278.0,22799.0,-19999.0
60,46,M,900000,9,5874.0,8227.0,-7286.0
61,53,M,1200000,12,14000.0,19608.0,-16700.0
62,48,M,600000,6,4651.0,6514.0,-5714.0
63,36,F,2200000,22,4483.0,6279.0,-5743.0
64,54,M,2300000,23,29029.0,40657.0,-34386.0
65,37,M,2000000,20,5726.0,8019.0,-7294.0
66,35,M,4500000,45,10691.0,14973.0,-13663.0
67,53,F,4800000,48,44016.0,61648.0,-53479.0
68,36,M,2300000,23,5995.0,8397.0,-7650.0
69,27,M,800000,8,1024.0,1434.0,-1317.0
70,39,M,3500000,35,12097.0,16942.0,-15349.0
71,49,M,3400000,34,28669.0,40153.0,-35039.0
72,30,F,3000000,30,3649.0,5110.0,-4699.0
73,39,M,4300000,43,14862.0,20815.0,-18857.0
74,29,F,1300000,13,1472.0,2062.0,-1897.0
75,46,F,7500000,75,38377.0,53749.0,-48080.0
76,39,M,1500000,15,5184.0,7261.0,-6578.0
77,35,F,3800000,38,7055.0,9881.0,-9049.0
78,32,M,1000000,10,1824.0,2554.0,-2339.0
79,42,F,1500000,15,5364.0,7512.0,-6798.0
80,45,M,5800000,58,34679.0,48570.0,-43192.0
81,54,M,2200000,22,27767.0,38889.0,-32891.0
82,38,M,4000000,40,12583.0,17623.0,-16000.0
83,29,M,2800000,28,4062.0,5689.0,-5221.0
84,50,M,2400000,24,21987.0,30794.0,-26723.0
85,44,F,5300000,53,22720.0,31821.0,-28645.0
86,46,M,2200000,22,14360.0,20112.0,-17810.0
87,28,M,900000,9,1223.0,1713.0,-1573.0
88,34,M,1600000,16,3471.0,4861.0,-4441.0
89,48,M,3400000,34,26355.0,36912.0,-32380.0
90,50,M,3100000,31,28400.0,39776.0,-34517.0
91,38,F,1100000,11,2707.0,3791.0,-3458.0
92,49,M,1700000,17,14335.0,20076.0,-17520.0
93,51,M,1800000,18,17894.0,25062.0,-21621.0
94,37,M,2000000,20,5726.0,8019.0,-7294.0
95,52,M,1200000,12,12930.0,18109.0,-15526.0
96,33,M,1800000,18,3574.0,5005.0,-4579.0
97,32,F,1700000,17,2421.0,3391.0,-3114.0
98,46,M,3800000,38,24803.0,34738.0,-30762.0
99,44,F,3900000,39,16718.0,23415.0,-21079.0
100,29,M,2300000,23,3337.0,4673.0,-4289.0
101,50,M,2000000,20,18322.0,25662.0,-22269.0
102,31,F,2700000,27,3545.0,4965.0,-4563.0
103,49,F,1600000,16,10586.0,14826.0,-13110.0
104,25,F,1300000,13,1173.0,1643.0,-1513.0
105,49,F,1500000,15,9924.0,13899.0,-12291.0
106,49,F,1800000,18,11909.0,16679.0,-14749.0
107,49,F,1300000,13,8601.0,12046.0,-10652.0
108,45,M,2700000,27,16144.0,22610.0,-20107.0
109,39,F,3700000,37,10006.0,14013.0,-12761.0
110,46,M,1000000,10,6527.0,9142.0,-8095.0
111,33,M,2500000,25,4964.0,6952.0,-6359.0
112,49,M,2200000,22,18551.0,25981.0,-22673.0
113,42,F,3000000,30,10727.0,15024.0,-13596.0
114,39,F,2500000,25,6760.0,9468.0,-8622.0
115,40,M,1100000,11,4175.0,5847.0,-5285.0
116,42,F,1200000,12,4291.0,6010.0,-5439.0
117,26,F,2500000,25,2366.0,3314.0,-3052.0
118,29,M,4400000,44,6383.0,8940.0,-8205.0
119,32,M,700000,7,1276.0,1788.0,-1637.0
120,28,M,3000000,30,4076.0,5708.0,-5242.0
121,38,F,4800000,48,11811.0,16542.0,-15089.0
122,45,M,2300000,23,13752.0,19261.0,-17128.0
123,45,F,3400000,34,15933.0,22315.0,-20027.0
124,39,M,1700000,17,5876.0,8229.0,-7455.0
125,51,F,2300000,23,17954.0,25145.0,-22035.0
126,42,M,1000000,10,4566.0,6395.0,-5748.0
127,27,F,700000,7,699.0,979.0,-902.0
128,48,M,4200000,42,32556.0,45597.0,-39999.0
129,42,M,1500000,15,6849.0,9593.0,-8621.0
130,44,F,1900000,19,8145.0,11407.0,-10269.0
131,42,F,1200000,12,4291.0,6010.0,-5439.0
132,42,F,1200000,12,4291.0,6010.0,-5439.0
133,27,M,2300000,23,2944.0,4123.0,-3788.0
134,42,M,1700000,17,7762.0,10872.0,-9771.0
135,49,M,3100000,31,26140.0,36610.0,-31948.0
136,34,M,3200000,32,6941.0,9721.0,-8883.0
137,43,M,3000000,30,15002.0,21012.0,-18824.0
138,25,F,2900000,29,2616.0,3664.0,-3376.0
139,35,F,6000000,60,11140.0,15602.0,-14289.0
140,38,F,1400000,14,3445.0,4825.0,-4401.0
141,55,F,2400000,24,25776.0,36101.0,-30964.0
142,31,F,4700000,47,6171.0,8643.0,-7942.0
143,33,M,5000000,50,9927.0,13904.0,-12719.0
144,37,M,1100000,11,3149.0,4411.0,-4012.0
145,55,M,2100000,21,28655.0,40133.0,-33692.0
146,51,F,5300000,53,41371.0,57943.0,-50777.0
147,26,M,3300000,33,4002.0,5606.0,-5152.0
148,32,M,2800000,28,5106.0,7151.0,-6548.0
149,50,M,2200000,22,20155.0,28228.0,-24496.0
150,26,M,2000000,20,2426.0,3397.0,-3122.0
151,51,M,2900000,29,28830.0,40378.0,-34833.0
152,33,F,2200000,22,3412.0,4779.0,-4385.0
153,53,M,2400000,24,28000.0,39216.0,-33399.0
154,34,M,2600000,26,5640.0,7899.0,-7217.0
155,38,F,1700000,17,4183.0,5858.0,-5344.0
156,45,M,3400000,34,20329.0,28472.0,-25319.0
157,28,F,10000000,100,10605.0,14853.0,-13670.0
158,42,M,900000,9,4109.0,5756.0,-5173.0
159,40,M,3000000,30,11386.0,15947.0,-14413.0
160,49,M,1600000,16,13491.0,18896.0,-16489.0
161,55,M,3400000,34,46393.0,64977.0,-54550.0
162,45,F,2600000,26,12184.0,17064.0,-15315.0
163,37,M,3800000,38,10879.0,15237.0,-13859.0
164,37,M,4800000,48,13742.0,19246.0,-17506.0
165,37,M,2800000,28,8016.0,11227.0,-10212.0
166,50,F,4700000,47,33796.0,47333.0,-41673.0
167,34,F,700000,7,1186.0,1662.0,-1523.0
168,30,F,6000000,60,7297.0,10221.0,-9398.0
169,35,M,3100000,31,7365.0,10315.0,-9412.0
170,25,M,4500000,45,5203.0,7287.0,-6699.0
171,28,M,1300000,13,1766.0,2474.0,-2272.0
172,27,M,1600000,16,2048.0,2868.0,-2635.0
173,48,F,2700000,27,16416.0,22992.0,-20415.0
174,47,F,2500000,25,13953.0,19541.0,-17418.0
175,46,M,2900000,29,18929.0,26511.0,-23476.0
176,39,M,4500000,45,15553.0,21783.0,-19734.0
177,47,F,900000,9,5023.0,7035.0,-6271.0
178,29,M,4300000,43,6238.0,8737.0,-8019.0
179,52,M,2500000,25,26938.0,37728.0,-32345.0
180,40,M,2200000,22,8350.0,11695.0,-10569.0
181,54,M,1100000,11,13883.0,19445.0,-16445.0
182,29,M,3300000,33,4787.0,6705.0,-6154.0
183,40,M,700000,7,2657.0,3721.0,-3363.0
184,46,M,3600000,36,23498.0,32910.0,-29143.0
185,40,M,1100000,11,4175.0,5847.0,-5285.0
186,38,M,2600000,26,8179.0,11455.0,-10400.0
187,30,M,2300000,23,3583.0,5018.0,-4603.0
188,36,F,4800000,48,9781.0,13699.0,-12531.0
189,32,F,2300000,23,3276.0,4588.0,-4213.0
190,34,M,1700000,17,3687.0,5165.0,-4719.0
191,46,M,1900000,19,12402.0,17369.0,-15381.0
192,44,F,5000000,50,21434.0,30020.0,-27024.0
193,43,M,3400000,34,17003.0,23813.0,-21334.0
194,36,M,2000000,20,5213.0,7301.0,-6652.0
195,54,F,2200000,22,21839.0,30587.0,-26388.0
196,27,M,1100000,11,1408.0,1972.0,-1812.0
197,35,F,3100000,31,5756.0,8061.0,-7382.0
198,28,M,900000,9,1223.0,1713.0,-1573.0
199,35,M,3800000,38,9028.0,12644.0,-11537.0
200,54,M,2700000,27,34077.0,47727.0,-40366.0
201,36,M,9300000,93,24241.0,33951.0,-30934.0
202,53,M,1400000,14,16333.0,22876.0,-19483.0
203,40,M,2400000,24,9109.0,12758.0,-11530.0
204,46,F,6700000,67,34284.0,48016.0,-42952.0
205,39,M,4800000,48,16590.0,23235.0,-21049.0
206,33,M,1700000,17,3375.0,4727.0,-4324.0
207,48,F,2800000,28,17024.0,23844.0,-21171.0
208,55,F,2500000,25,26850.0,37606.0,-32254.0
209,33,M,2900000,29,5758.0,8064.0,-7377.0
210,49,M,1700000,17,14335.0,20076.0,-17520.0
211,33,F,2400000,24,3722.0,5213.0,-4784.0
212,47,M,1000000,10,7117.0,9968.0,-8787.0
213,49,F,2700000,27,17863.0,25019.0,-22123.0
214,38,F,3200000,32,7874.0,11028.0,-10059.0
215,47,F,2200000,22,12278.0,17196.0,-15328.0
216,33,M,1000000,10,1985.0,2781.0,-2544.0
217,27,M,4300000,43,5503.0,7708.0,-7081.0
218,27,M,3100000,31,3967.0,5557.0,-5105.0
219,38,M,1700000,17,5348.0,7490.0,-6800.0
220,52,F,2100000,21,17776.0,24896.0,-21710.0
221,28,M,1100000,11,1494.0,2093.0,-1922.0
222,39,M,1400000,14,4839.0,6777.0,-6139.0
223,46,M,1900000,19,12402.0,17369.0,-15381.0
224,31,F,4900000,49,6434.0,9011.0,-8280.0
225,47,M,1800000,18,12811.0,17943.0,-15817.0
226,34,M,3600000,36,7809.0,10937.0,-9993.0
227,50,M,1900000,19,17406.0,24379.0,-21156.0
228,42,M,2900000,29,13242.0,18546.0,-16668.0
229,41,M,2300000,23,9579.0,13416.0,-12093.0
230,30,M,4000000,40,6231.0,8727.0,-8004.0
231,39,M,1900000,19,6567.0,9197.0,-8332.0
232,51,M,1100000,11,10935.0,15316.0,-13213.0
233,25,M,1200000,12,1387.0,1943.0,-1787.0
234,48,M,1900000,19,14728.0,20627.0,-18095.0
235,40,M,1300000,13,4934.0,6910.0,-6246.0
236,47,M,3100000,31,22063.0,30901.0,-27240.0
237,45,M,1900000,19,11360.0,15911.0,-14149.0
238,38,M,9200000,92,28941.0,40534.0,-36799.0
239,34,M,1000000,10,2169.0,3038.0,-2776.0
240,44,M,2800000,28,15319.0,21455.0,-19153.0
241,29,M,1300000,13,1886.0,2641.0,-2424.0
242,43,M,1900000,19,9502.0,13307.0,-11922.0
243,27,F,2700000,27,2697.0,3777.0,-3478.0
244,45,M,700000,7,4185.0,5862.0,-5213.0
245,44,M,2800000,28,15319.0,21455.0,-19153.0
246,27,M,7100000,71,9087.0,12727.0,-11693.0
247,48,M,1900000,19,14728.0,20627.0,-18095.0
248,37,M,2900000,29,8302.0,11628.0,-10577.0
249,49,F,4400000,44,29111.0,40771.0,-36053.0
250,26,F,2300000,23,2177.0,3049.0,-2808.0
251,30,M,1800000,18,2804.0,3927.0,-3602.0
252,40,M,700000,7,2657.0,3721.0,-3363.0
253,30,M,3600000,36,5608.0,7854.0,-7204.0
254,35,M,2300000,23,5464.0,7653.0,-6983.0
255,45,M,1400000,14,8371.0,11724.0,-10426.0
256,29,M,2700000,27,3917.0,5486.0,-5035.0
257,46,M,1800000,18,11749.0,16455.0,-14571.0
258,28,F,1900000,19,2015.0,2822.0,-2597.0
259,30,M,3500000,35,5452.0,7636.0,-7004.0
260,43,M,1200000,12,6001.0,8405.0,-7530.0
261,49,F,4400000,44,29111.0,40771.0,-36053.0
262,30,M,1200000,12,1869.0,2618.0,-2401.0
263,34,M,1700000,17,3687.0,5165.0,-4719.0
264,53,M,7200000,72,84001.0,117648.0,-100198.0
265,55,F,4600000,46,49405.0,69194.0,-59348.0
266,43,M,2600000,26,13002.0,18210.0,-16314.0
267,38,M,1500000,15,4719.0,6609.0,-6000.0
268,35,M,1900000,19,4514.0,6322.0,-5769.0
269,43,M,2600000,26,13002.0,18210.0,-16314.0
270,43,M,2600000,26,13002.0,18210.0,-16314.0
271,34,M,2400000,24,5206.0,7291.0,-6662.0
272,25,M,2500000,25,2890.0,4048.0,-3722.0
273,29,M,2200000,22,3192.0,4470.0,-4103.0
274,54,F,1100000,11,10919.0,15293.0,-13194.0
275,37,M,1900000,19,5440.0,7618.0,-6930.0
276,39,F,4100000,41,11087.0,15528.0,-14141.0
277,39,M,1200000,12,4147.0,5809.0,-5262.0
278,49,M,2300000,23,19394.0,27162.0,-23703.0
279,27,F,1600000,16,1598.0,2238.0,-2061.0
280,27,F,2700000,27,2697.0,3777.0,-3478.0
281,33,M,2000000,20,3971.0,5562.0,-5088.0
282,40,F,5600000,56,16635.0,23298.0,-21177.0
283,45,M,3300000,33,19731.0,27635.0,-24575.0
284,40,M,1200000,12,4555.0,6379.0,-5765.0
285,38,F,3600000,36,8858.0,12406.0,-11316.0
286,54,M,1600000,16,20194.0,28283.0,-23921.0
287,29,F,1800000,18,2039.0,2855.0,-2627.0
288,42,M,3000000,30,13698.0,19185.0,-17243.0
289,41,F,1900000,19,6195.0,8677.0,-7870.0
290,39,M,4100000,41,14171.0,19847.0,-17980.0
291,50,M,1600000,16,14658.0,20529.0,-17815.0
292,33,M,1800000,18,3574.0,5005.0,-4579.0
293,54,M,1700000,17,21456.0,30051.0,-25416.0
294,35,M,1800000,18,4276.0,5989.0,-5465.0
295,41,M,4600000,46,19158.0,26832.0,-24187.0
296,41,M,3500000,35,14577.0,20416.0,-18403.0
297,51,M,6400000,64,63624.0,89109.0,-76874.0
298,38,M,8700000,87,27368.0,38331.0,-34799.0
299,33,F,1400000,14,2171.0,3041.0,-2791.0
300,25,F,2600000,26,2346.0,3285.0,-3027.0
301,36,F,1300000,13,2649.0,3710.0,-3394.0
302,50,M,1600000,16,14658.0,20529.0,-17815.0
303,25,F,1800000,18,1624.0,2274.0,-2095.0
304,52,M,1400000,14,15085.0,21128.0,-18113.0
305,41,M,1400000,14,5831.0,8166.0,-7361.0
306,29,M,2300000,23,3337.0,4673.0,-4289.0
307,34,M,1300000,13,2820.0,3949.0,-3609.0
308,42,M,4000000,40,18264.0,25580.0,-22991.0
309,34,M,1500000,15,3254.0,4557.0,-4164.0
310,28,F,10000000,100,10605.0,14853.0,-13670.0
311,45,M,2000000,20,11958.0,16748.0,-14894.0
312,45,M,2600000,26,15546.0,21773.0,-19362.0
313,28,F,1200000,12,1273.0,1782.0,-1640.0
314,33,M,6400000,64,12707.0,17797.0,-16280.0
315,32,M,4600000,46,8388.0,11748.0,-10758.0
316,45,F,2900000,29,13590.0,19033.0,-17082.0
317,47,F,1200000,12,6697.0,9380.0,-8361.0
318,47,M,2800000,28,19928.0,27911.0,-24604.0
319,54,M,1300000,13,16408.0,22980.0,-19435.0
320,48,M,5600000,56,43409.0,60796.0,-53332.0
321,34,M,3900000,39,8460.0,11848.0,-10826.0
322,28,M,2600000,26,3532.0,4947.0,-4543.0
323,44,M,700000,7,3830.0,5364.0,-4788.0
324,53,M,1500000,15,17500.0,24510.0,-20875.0
325,55,F,3600000,36,38665.0,54152.0,-46446.0
326,32,M,4900000,49,8935.0,12514.0,-11459.0
327,32,M,4600000,46,8388.0,11748.0,-10758.0
328,26,M,1000000,10,1213.0,1699.0,-1561.0
329,29,F,3000000,30,3398.0,4758.0,-4378.0
330,42,M,4400000,44,20091.0,28138.0,-25290.0
331,41,M,1000000,10,4165.0,5833.0,-5258.0
332,36,M,2500000,25,6516.0,9127.0,-8316.0
333,34,M,2900000,29,6290.0,8810.0,-8050.0
334,50,M,2100000,21,19239.0,26945.0,-23383.0
335,39,F,900000,9,2434.0,3409.0,-3104.0
336,50,M,2100000,21,19239.0,26945.0,-23383.0
337,54,F,2100000,21,20846.0,29196.0,-25189.0
338,34,F,2300000,23,3898.0,5459.0,-5005.0
339,31,M,1800000,18,3027.0,4239.0,-3885.0
340,54,M,2000000,20,25243.0,35354.0,-29901.0
341,44,M,2400000,24,13131.0,18390.0,-16417.0
342,34,F,3200000,32,5423.0,7596.0,-6963.0
343,44,M,2100000,21,11489.0,16091.0,-14365.0
344,40,M,2000000,20,7591.0,10632.0,-9609.0
345,53,M,2600000,26,30334.0,42484.0,-36183.0
346,32,F,900000,9,1282.0,1795.0,-1649.0
347,55,M,3300000,33,45029.0,63066.0,-52945.0
348,54,M,2500000,25,31553.0,44192.0,-37376.0
349,30,M,2600000,26,4050.0,5673.0,-5203.0
350,30,F,4200000,42,5108.0,7154.0,-6578.0
351,41,M,900000,9,3748.0,5250.0,-4732.0
352,26,M,800000,8,970.0,1359.0,-1249.0
353,34,F,2900000,29,4915.0,6884.0,-6311.0
354,38,F,2500000,25,6151.0,8615.0,-7859.0
355,55,M,2700000,27,36842.0,51599.0,-43319.0
356,55,M,1900000,19,25926.0,36310.0,-30484.0
357,29,F,3600000,36,4077.0,5710.0,-5253.0
358,52,F,4200000,42,35551.0,49792.0,-43420.0
359,27,M,3300000,33,4223.0,5915.0,-5435.0
360,48,M,2200000,22,17053.0,23884.0,-20952.0
361,51,F,800000,8,6245.0,8746.0,-7664.0
362,52,F,3800000,38,32165.0,45050.0,-39284.0
363,31,F,4900000,49,6434.0,9011.0,-8280.0
364,52,M,3600000,36,38790.0,54328.0,-46577.0
365,28,M,1500000,15,2038.0,2854.0,-2621.0
366,41,F,3600000,36,11738.0,16440.0,-14912.0
367,39,F,4000000,40,10817.0,15150.0,-13796.0
368,34,F,5900000,59,9999.0,14005.0,-12839.0
369,25,M,1500000,15,1734.0,2429.0,-2233.0
370,48,M,2200000,22,17053.0,23884.0,-20952.0
371,35,F,3800000,38,7055.0,9881.0,-9049.0
372,45,M,2600000,26,15546.0,21773.0,-19362.0
373,37,F,1400000,14,3134.0,4390.0,-4010.0
374,36,M,3100000,31,8080.0,11317.0,-10311.0
375,52,F,3400000,34,28780.0,40308.0,-35149.0
376,27,F,2600000,26,2597.0,3637.0,-3349.0
377,47,M,2800000,28,19928.0,27911.0,-24604.0
378,48,M,2200000,22,17053.0,23884.0,-20952.0
379,36,M,5600000,56,14597.0,20444.0,-18627.0
380,33,M,1500000,15,2978.0,4171.0,-3816.0
381,25,M,1800000,18,2081.0,2915.0,-2680.0
382,54,M,2500000,25,31553.0,44192.0,-37376.0
383,54,F,4100000,41,40700.0,57002.0,-49178.0
384,32,M,1100000,11,2006.0,2809.0,-2572.0
385,25,M,1200000,12,1387.0,1943.0,-1787.0
386,28,M,800000,8,1087.0,1522.0,-1398.0
387,27,M,2500000,25,3200.0,4481.0,-4117.0
388,50,M,1400000,14,12826.0,17963.0,-15588.0
389,52,M,2000000,20,21550.0,30182.0,-25876.0
390,29,M,3600000,36,5223.0,7315.0,-6713.0
391,48,M,1800000,18,13953.0,19542.0,-17142.0
392,30,F,2800000,28,3405.0,4770.0,-4386.0
393,36,M,2100000,21,5474.0,7666.0,-6985.0
394,43,M,3600000,36,18003.0,25214.0,-22589.0
395,47,F,3200000,32,17859.0,25013.0,-22295.0
396,52,F,1700000,17,14390.0,20154.0,-17575.0
397,26,M,2300000,23,2790.0,3907.0,-3591.0
398,31,M,4400000,44,7398.0,10362.0,-9497.0
399,33,M,3100000,31,6155.0,8620.0,-7886.0
400,34,M,1200000,12,2603.0,3646.0,-3331.0
401,55,M,3600000,36,49122.0,68799.0,-57759.0
402,49,M,1400000,14,11805.0,16534.0,-14428.0
403,34,M,5400000,54,11713.0,16405.0,-14989.0
404,55,M,4400000,44,60038.0,84087.0,-70594.0
405,40,F,2900000,29,8614.0,12065.0,-10966.0
406,40,M,2700000,27,10248.0,14353.0,-12972.0
407,38,M,2200000,22,6921.0,9693.0,-8800.0
408,29,M,3600000,36,5223.0,7315.0,-6713.0
409,53,M,2000000,20,23334.0,32680.0,-27833.0
410,25,M,2800000,28,3237.0,4534.0,-4169.0
411,30,F,4000000,40,4865.0,6814.0,-6265.0
412,32,F,1800000,18,2564.0,3590.0,-3297.0
413,33,F,1800000,18,2792.0,3910.0,-3588.0
414,29,F,1300000,13,1472.0,2062.0,-1897.0
415,25,F,1400000,14,1263.0,1769.0,-1630.0
416,46,F,900000,9,4605.0,6450.0,-5770.0
417,55,M,3700000,37,50487.0,70710.0,-59363.0
418,28,M,6800000,68,9239.0,12939.0,-11882.0
419,34,M,5500000,55,11930.0,16709.0,-15267.0
420,40,M,1000000,10,3795.0,5316.0,-4804.0
421,53,M,3700000,37,43167.0,60458.0,-51491.0
422,46,F,5500000,55,28143.0,39416.0,-35259.0
423,48,M,1900000,19,14728.0,20627.0,-18095.0
424,43,M,2600000,26,13002.0,18210.0,-16314.0
425,37,M,800000,8,2290.0,3208.0,-2918.0
426,31,M,2900000,29,4876.0,6829.0,-6259.0
427,51,M,1400000,14,13918.0,19493.0,-16816.0
428,49,F,2800000,28,18525.0,25945.0,-22943.0
429,25,M,1100000,11,1272.0,1781.0,-1638.0
430,47,F,3400000,34,18976.0,26576.0,-23689.0
431,27,M,4400000,44,5631.0,7887.0,-7246.0
432,47,M,1600000,16,11388.0,15949.0,-14059.0
433,50,M,1300000,13,11910.0,16680.0,-14475.0
434,29,F,800000,8,906.0,1269.0,-1167.0
435,38,F,2200000,22,5413.0,7582.0,-6916.0
436,28,M,1800000,18,2446.0,3425.0,-3145.0
437,42,F,1100000,11,3933.0,5509.0,-4985.0
438,53,M,3200000,32,37334.0,52288.0,-44533.0
439,27,F,2000000,20,1998.0,2798.0,-2576.0
440,37,M,1400000,14,4008.0,5614.0,-5106.0
441,55,M,1800000,18,24561.0,34399.0,-28879.0
442,34,F,4500000,45,7627.0,10682.0,-9792.0
443,29,M,3500000,35,5078.0,7111.0,-6527.0
444,40,M,2300000,23,8730.0,12226.0,-11050.0
445,40,M,3500000,35,13284.0,18605.0,-16815.0
446,45,M,1300000,13,7773.0,10886.0,-9681.0
447,34,F,2500000,25,4237.0,5934.0,-5440.0
448,54,F,2700000,27,26802.0,37538.0,-32385.0
449,41,F,1900000,19,6195.0,8677.0,-7870.0
450,33,M,3200000,32,6354.0,8899.0,-8140.0
451,54,M,1600000,16,20194.0,28283.0,-23921.0
452,53,M,3300000,33,38500.0,53922.0,-45924.0
453,40,M,3400000,34,12905.0,18074.0,-16334.0
454,25,M,500000,5,578.0,810.0,-744.0
455,43,F,4800000,48,18803.0,26334.0,-23772.0
456,42,F,500000,5,1788.0,2504.0,-2266.0
457,29,F,1800000,18,2039.0,2855.0,-2627.0
458,44,M,4400000,44,24073.0,33715.0,-30098.0
459,51,M,2100000,21,20877.0,29239.0,-25224.0
460,28,M,1100000,11,1494.0,2093.0,-1922.0
461,47,M,1400000,14,9964.0,13955.0,-12302.0
462,29,M,4400000,44,6383.0,8940.0,-8205.0
463,48,M,900000,9,6976.0,9771.0,-8571.0
464,37,M,4700000,47,13456.0,18845.0,-17142.0
465,25,F,2400000,24,2165.0,3033.0,-2794.0
466,54,M,1300000,13,16408.0,22980.0,-19435.0
467,30,F,1800000,18,2189.0,3066.0,-2819.0
468,43,M,1400000,14,7001.0,9805.0,-8784.0
469,30,M,4000000,40,6231.0,8727.0,-8004.0
470,53,M,3700000,37,43167.0,60458.0,-51491.0
471,47,M,1000000,10,7117.0,9968.0,-8787.0
472,49,M,2000000,20,16864.0,23619.0,-20611.0
473,38,M,1600000,16,5033.0,7049.0,-6400.0
474,39,F,5100000,51,13791.0,19316.0,-17590.0
475,44,M,1200000,12,6565.0,9195.0,-8209.0
476,49,M,6000000,60,50593.0,70858.0,-61834.0
477,51,M,2500000,25,24853.0,34808.0,-30029.0
478,25,M,1300000,13,1503.0,2105.0,-1935.0
479,45,M,1700000,17,10165.0,14236.0,-12660.0
480,28,M,1600000,16,2174.0,3045.0,-2796.0
481,33,F,1200000,12,1861.0,2607.0,-2392.0
482,50,F,2600000,26,18696.0,26184.0,-23053.0
483,32,F,1300000,13,1851.0,2593.0,-2381.0
484,49,M,800000,8,6746.0,9448.0,-8245.0
485,39,M,2000000,20,6912.0,9681.0,-8771.0
486,32,F,900000,9,1282.0,1795.0,-1649.0
487,35,M,1700000,17,4039.0,5656.0,-5161.0
488,41,M,1500000,15,6247.0,8750.0,-7887.0
489,48,M,1500000,15,11627.0,16285.0,-14285.0
490,43,F,7500000,75,29379.0,41147.0,-37144.0
491,53,M,2600000,26,30334.0,42484.0,-36183.0
492,51,F,2900000,29,22637.0,31705.0,-27784.0
493,48,F,900000,9,5472.0,7664.0,-6805.0
494,43,M,1700000,17,8501.0,11907.0,-10667.0
495,33,F,2800000,28,4343.0,6082.0,-5581.0
496,37,M,1400000,14,4008.0,5614.0,-5106.0
497,28,M,4100000,41,5570.0,7802.0,-7164.0
498,36,M,1300000,13,3389.0,4746.0,-4324.0
499,53,F,2100000,21,19257.0,26971.0,-23397.0
500,38,M,1800000,18,5662.0,7931.0,-7200.0
501,28,M,2700000,27,3668.0,5138.0,-4718.0
502,45,M,1800000,18,10763.0,15074.0,-13404.0
503,54,M,2200000,22,27767.0,38889.0,-32891.0
504,51,M,2200000,22,21871.0,30631.0,-26425.0
505,33,M,1700000,17,3375.0,4727.0,-4324.0
506,39,M,3300000,33,11406.0,15974.0,-14471.0
507,41,F,2900000,29,9456.0,13243.0,-12012.0
508,32,M,2400000,24,4376.0,6129.0,-5613.0
509,33,F,2000000,20,3102.0,4345.0,-3986.0
510,32,M,3900000,39,7112.0,9960.0,-9121.0
511,55,M,2200000,22,30019.0,42044.0,-35297.0
512,48,M,2100000,21,16278.0,22799.0,-19999.0
513,51,M,2600000,26,25847.0,36201.0,-31230.0
514,50,F,6400000,64,46020.0,64453.0,-56746.0
515,54,M,1200000,12,15146.0,21212.0,-17940.0
516,28,M,3800000,38,5163.0,7231.0,-6640.0
517,52,M,900000,9,9698.0,13582.0,-11644.0
518,27,F,2800000,28,2797.0,3917.0,-3607.0
519,39,M,5900000,59,20392.0,28560.0,-25873.0
520,43,M,3300000,33,16503.0,23113.0,-20706.0
521,36,F,2700000,27,5502.0,7705.0,-7048.0
522,29,F,1800000,18,2039.0,2855.0,-2627.0
523,30,F,2500000,25,3041.0,4259.0,-3916.0
524,50,M,2200000,22,20155.0,28228.0,-24496.0
525,34,M,1600000,16,3471.0,4861.0,-4441.0
526,34,M,2100000,21,4555.0,6380.0,-5829.0
527,53,F,2800000,28,25676.0,35961.0,-31196.0
528,29,M,1600000,16,2321.0,3251.0,-2984.0
529,53,F,1600000,16,14672.0,20549.0,-17826.0
530,53,M,1200000,12,14000.0,19608.0,-16700.0
531,43,M,3100000,31,15502.0,21712.0,-19451.0
532,30,F,3400000,34,4135.0,5792.0,-5325.0
533,29,M,2800000,28,4062.0,5689.0,-5221.0
534,33,F,4300000,43,6669.0,9341.0,-8571.0
535,42,M,2600000,26,11872.0,16627.0,-14944.0
536,29,M,3100000,31,4497.0,6299.0,-5781.0
537,39,M,3000000,30,10369.0,14522.0,-13156.0
538,28,M,2400000,24,3261.0,4567.0,-4194.0
539,41,M,1900000,19,7913.0,11083.0,-9990.0
540,25,M,8400000,84,9712.0,13602.0,-12506.0
541,46,M,1900000,19,12402.0,17369.0,-15381.0
542,26,M,1700000,17,2062.0,2888.0,-2654.0
543,31,M,3200000,32,5381.0,7536.0,-6907.0
544,30,M,2900000,29,4518.0,6327.0,-5803.0
545,50,M,1200000,12,10993.0,15397.0,-13362.0
546,26,M,4600000,46,5579.0,7814.0,-7182.0
547,38,M,2400000,24,7550.0,10574.0,-9600.0
548,43,F,1400000,14,5484.0,7681.0,-6934.0
549,40,F,4800000,48,14258.0,19970.0,-18151.0
550,46,M,3500000,35,22845.0,31996.0,-28333.0
551,49,M,1200000,12,10119.0,14172.0,-12367.0
552,37,M,6600000,66,18895.0,26464.0,-24071.0
553,50,M,3600000,36,32980.0,46191.0,-40085.0
554,34,M,2500000,25,5423.0,7595.0,-6939.0
555,55,M,6000000,60,81871.0,114665.0,-96264.0
556,40,M,2700000,27,10248.0,14353.0,-12972.0
557,47,F,2500000,25,13953.0,19541.0,-17418.0
558,52,M,1700000,17,18318.0,25655.0,-21994.0
559,49,M,3400000,34,28669.0,40153.0,-35039.0
560,51,F,3200000,32,24979.0,34984.0,-30658.0
561,41,F,2500000,25,8151.0,11417.0,-10356.0
562,26,M,1600000,16,1941.0,2718.0,-2498.0
563,40,M,2700000,27,10248.0,14353.0,-12972.0
564,30,M,2400000,24,3739.0,5236.0,-4803.0
565,52,M,1200000,12,12930.0,18109.0,-15526.0
566,32,F,1100000,11,1567.0,2194.0,-2015.0
567,32,M,3400000,34,6200.0,8683.0,-7951.0
568,32,M,600000,6,1094.0,1532.0,-1403.0
569,44,M,2800000,28,15319.0,21455.0,-19153.0
570,42,M,1900000,19,8676.0,12151.0,-10921.0
571,54,F,5100000,51,50626.0,70905.0,-61172.0
572,37,M,1900000,19,5440.0,7618.0,-6930.0
573,33,M,3600000,36,7148.0,10011.0,-9158.0
574,26,F,2000000,20,1893.0,2651.0,-2442.0
575,25,F,2700000,27,2436.0,3412.0,-3143.0
576,36,M,3700000,37,9644.0,13508.0,-12307.0
577,53,M,1900000,19,22167.0,31046.0,-26441.0
578,41,M,4300000,43,17909.0,25083.0,-22609.0
579,52,M,1400000,14,15085.0,21128.0,-18113.0
580,28,M,2900000,29,3940.0,5518.0,-5067.0
581,27,M,4200000,42,5375.0,7528.0,-6917.0
582,50,F,3600000,36,25886.0,36255.0,-31919.0
583,28,F,7200000,72,7636.0,10694.0,-9842.0
584,26,F,1600000,16,1514.0,2121.0,-1953.0
585,37,F,1200000,12,2686.0,3762.0,-3437.0
586,53,F,1400000,14,12838.0,17981.0,-15598.0
587,46,F,3600000,36,18421.0,25800.0,-23079.0
588,28,F,3300000,33,3500.0,4901.0,-4511.0
589,50,M,2600000,26,23819.0,33360.0,-28950.0
590,51,M,1300000,13,12924.0,18100.0,-15615.0
591,49,M,3800000,38,32042.0,44877.0,-39162.0
592,52,M,1300000,13,14008.0,19618.0,-16819.0
593,32,M,4700000,47,8570.0,12003.0,-10991.0
594,55,M,10000000,100,136451.0,191108.0,-160440.0
595,34,M,3100000,31,6724.0,9418.0,-8605.0
596,49,M,3400000,34,28669.0,40153.0,-35039.0
597,42,M,1900000,19,8676.0,12151.0,-10921.0
598,49,F,900000,9,5954.0,8340.0,-7374.0
599,44,F,1800000,18,7716.0,10807.0,-9729.0
600,44,M,1400000,14,7660.0,10728.0,-9577.0
601,44,M,1100000,11,6018.0,8429.0,-7525.0
602,49,M,6400000,64,53966.0,75582.0,-65957.0
603,47,F,2900000,29,16185.0,22668.0,-20205.0
604,29,F,3100000,31,3511.0,4917.0,-4524.0
605,50,M,2100000,21,19239.0,26945.0,-23383.0
606,41,F,2300000,23,7499.0,10503.0,-9527.0
607,35,M,4200000,42,9978.0,13975.0,-12752.0
608,40,M,2500000,25,9489.0,13289.0,-12011.0
609,54,F,3300000,33,32758.0,45880.0,-39582.0
610,51,M,2200000,22,21871.0,30631.0,-26425.0
611,50,M,2100000,21,19239.0,26945.0,-23383.0
612,39,M,1200000,12,4147.0,5809.0,-5262.0
613,49,M,800000,8,6746.0,9448.0,-8245.0
614,36,F,2200000,22,4483.0,6279.0,-5743.0
615,46,F,2600000,26,13304.0,18633.0,-16668.0
616,44,M,1200000,12,6565.0,9195.0,-8209.0
617,32,M,2500000,25,4559.0,6385.0,-5847.0
618,33,F,2600000,26,4033.0,5648.0,-5182.0
619,26,M,800000,8,970.0,1359.0,-1249.0
620,29,F,1500000,15,1699.0,2379.0,-2189.0
621,38,M,3100000,31,9752.0,13658.0,-12400.0
622,39,M,3100000,31,10714.0,15006.0,-13594.0
623,30,F,1300000,13,1581.0,2214.0,-2036.0
624,37,M,2700000,27,7730.0,10826.0,-9847.0
625,43,M,4400000,44,22004.0,30817.0,-27608.0
626,32,M,3800000,38,6929.0,9705.0,-8887.0
627,35,M,2400000,24,5702.0,7985.0,-7287.0
628,36,M,1900000,19,4953.0,6936.0,-6320.0
629,40,M,1800000,18,6832.0,9568.0,-8648.0
630,36,F,3200000,32,6521.0,9132.0,-8354.0
631,47,F,2800000,28,15627.0,21886.0,-19508.0
632,35,M,3500000,35,8315.0,11645.0,-10626.0
633,38,M,2700000,27,8494.0,11896.0,-10800.0
634,36,F,3900000,39,7947.0,11130.0,-10181.0
635,30,F,2600000,26,3162.0,4429.0,-4072.0
636,46,M,3800000,38,24803.0,34738.0,-30762.0
637,32,M,4000000,40,7294.0,10216.0,-9354.0
638,34,M,1600000,16,3471.0,4861.0,-4441.0
639,49,M,900000,9,7589.0,10629.0,-9275.0
640,54,M,5800000,58,73203.0,102526.0,-86712.0
641,45,M,2900000,29,17340.0,24285.0,-21596.0
642,53,F,1000000,10,9170.0,12843.0,-11141.0
643,51,F,1700000,17,13270.0,18585.0,-16287.0
644,39,F,3800000,38,10276.0,14392.0,-13106.0
645,48,M,2100000,21,16278.0,22799.0,-19999.0
646,35,M,1900000,19,4514.0,6322.0,-5769.0
647,39,F,5400000,54,14603.0,20452.0,-18624.0
648,41,F,1400000,14,4565.0,6393.0,-5799.0
649,54,M,1600000,16,20194.0,28283.0,-23921.0
650,51,F,2800000,28,21857.0,30611.0,-26826.0
651,40,M,3100000,31,11766.0,16479.0,-14893.0
652,45,F,3300000,33,15464.0,21659.0,-19438.0
653,31,M,4100000,41,6894.0,9655.0,-8849.0
654,49,M,2800000,28,23610.0,33067.0,-28856.0
655,42,M,3300000,33,15068.0,21104.0,-18967.0
656,41,M,2200000,22,9163.0,12833.0,-11568.0
657,48,M,2600000,26,20154.0,28227.0,-24761.0
658,44,M,2700000,27,14772.0,20689.0,-18469.0
659,27,M,2800000,28,3584.0,5019.0,-4611.0
660,33,F,3800000,38,5894.0,8255.0,-7574.0
661,30,M,3400000,34,5296.0,7418.0,-6804.0
662,47,M,2600000,26,18505.0,25917.0,-22846.0
663,26,F,1600000,16,1514.0,2121.0,-1953.0
664,31,M,2600000,26,4372.0,6123.0,-5612.0
665,43,M,2500000,25,12502.0,17510.0,-15687.0
666,46,F,2800000,28,14327.0,20066.0,-17950.0
667,40,F,8400000,84,24952.0,34947.0,-31765.0
668,51,M,1900000,19,18888.0,26454.0,-22822.0
669,53,F,3200000,32,29344.0,41098.0,-35653.0
670,29,M,4500000,45,6528.0,9143.0,-8392.0
671,54,M,2600000,26,32815.0,45960.0,-38871.0
672,44,F,9000000,90,38581.0,54035.0,-48643.0
673,44,M,2000000,20,10942.0,15325.0,-13681.0
674,27,F,3000000,30,2997.0,4197.0,-3864.0
675,44,M,1600000,16,8754.0,12260.0,-10945.0
676,47,F,2100000,21,11720.0,16415.0,-14631.0
677,43,M,2900000,29,14502.0,20311.0,-18196.0
678,27,M,4000000,40,5119.0,7170.0,-6587.0
679,41,M,3000000,30,12495.0,17499.0,-15774.0
680,54,M,5000000,50,63106.0,88384.0,-74752.0
681,47,F,2400000,24,13395.0,18760.0,-16721.0
682,29,M,2100000,21,3047.0,4267.0,-3916.0
683,54,M,10000000,100,126213.0,176768.0,-149504.0
684,54,M,3100000,31,39126.0,54798.0,-46346.0
685,30,M,1700000,17,2648.0,3709.0,-3402.0
686,49,F,1700000,17,11247.0,15753.0,-13930.0
687,37,M,1500000,15,4294.0,6015.0,-5471.0
688,43,F,4200000,42,16452.0,23042.0,-20801.0
689,38,M,2000000,20,6292.0,8812.0,-8000.0
690,49,M,2700000,27,22767.0,31886.0,-27825.0
691,55,M,2400000,24,32748.0,45866.0,-38506.0
692,49,M,3700000,37,31199.0,43696.0,-38131.0
693,53,F,1600000,16,14672.0,20549.0,-17826.0
694,54,F,1400000,14,13897.0,19464.0,-16792.0
695,27,F,2800000,28,2797.0,3917.0,-3607.0
696,32,M,3500000,35,6382.0,8939.0,-8185.0
697,47,M,3000000,30,21352.0,29904.0,-26361.0
698,43,M,1600000,16,8001.0,11206.0,-10039.0
699,26,M,3600000,36,4366.0,6115.0,-5620.0
700,27,F,1700000,17,1698.0,2378.0,-2190.0
701,41,M,1900000,19,7913.0,11083.0,-9990.0
702,44,M,1500000,15,8207.0,11494.0,-10261.0
703,30,F,5100000,51,6203.0,8687.0,-7988.0
704,30,F,3500000,35,4257.0,5962.0,-5482.0
705,29,M,3500000,35,5078.0,7111.0,-6527.0
706,42,M,5000000,50,22830.0,31975.0,-28738.0
707,25,M,10000000,100,11562.0,16193.0,-14888.0
708,42,M,1000000,10,4566.0,6395.0,-5748.0
709,39,M,1700000,17,5876.0,8229.0,-7455.0
710,39,M,1800000,18,6221.0,8713.0,-7894.0
711,46,F,1600000,16,8187.0,11467.0,-10257.0
712,41,F,1400000,14,4565.0,6393.0,-5799.0
713,47,M,2100000,21,14946.0,20933.0,-18453.0
714,48,M,1300000,13,10077.0,14113.0,-12381.0
715,53,M,3000000,30,35000.0,49020.0,-41749.0
716,49,M,2600000,26,21924.0,30705.0,-26795.0
717,41,M,3300000,33,13744.0,19249.0,-17351.0
718,40,M,3300000,33,12525.0,17542.0,-15854.0
719,32,M,3500000,35,6382.0,8939.0,-8185.0
720,43,M,2000000,20,10002.0,14008.0,-12549.0
721,29,M,8000000,80,11606.0,16255.0,-14918.0
722,53,M,2800000,28,32667.0,45752.0,-38966.0
723,51,F,900000,9,7025.0,9839.0,-8623.0
724,28,M,1400000,14,1902.0,2664.0,-2446.0
725,49,M,1000000,10,8432.0,11810.0,-10306.0
726,28,F,2500000,25,2651.0,3713.0,-3417.0
727,47,M,2300000,23,16370.0,22927.0,-20210.0
728,27,M,1900000,19,2432.0,3406.0,-3129.0
729,40,F,7600000,76,22576.0,31619.0,-28740.0
730,45,M,3400000,34,20329.0,28472.0,-25319.0
731,47,M,3700000,37,26334.0,36882.0,-32512.0
732,37,M,1500000,15,4294.0,6015.0,-5471.0
733,53,M,1400000,14,16333.0,22876.0,-19483.0
734,49,M,2600000,26,21924.0,30705.0,-26795.0
735,31,M,2700000,27,4540.0,6358.0,-5827.0
736,45,M,900000,9,5381.0,7537.0,-6702.0
737,47,M,2300000,23,16370.0,22927.0,-20210.0
738,35,M,2500000,25,5939.0,8318.0,-7590.0
739,47,M,2200000,22,15658.0,21930.0,-19332.0
740,52,M,1600000,16,17240.0,24146.0,-20701.0
741,50,F,1900000,19,13662.0,19135.0,-16846.0
742,48,M,2300000,23,17828.0,24970.0,-21904.0
743,44,M,2600000,26,14225.0,19923.0,-17785.0
744,33,M,3500000,35,6949.0,9733.0,-8903.0
745,49,M,4500000,45,37945.0,53144.0,-46376.0
746,36,M,2100000,21,5474.0,7666.0,-6985.0
747,41,M,1900000,19,7913.0,11083.0,-9990.0
748,34,M,3200000,32,6941.0,9721.0,-8883.0
749,34,F,3500000,35,5932.0,8308.0,-7616.0
750,29,F,2000000,20,2265.0,3172.0,-2918.0
751,54,M,3900000,39,49223.0,68940.0,-58306.0
752,29,M,4300000,43,6238.0,8737.0,-8019.0
753,27,M,5100000,51,6527.0,9142.0,-8399.0
754,54,M,6600000,66,83300.0,116667.0,-98672.0
755,42,M,1600000,16,7306.0,10232.0,-9196.0
756,38,F,2500000,25,6151.0,8615.0,-7859.0
757,47,F,2500000,25,13953.0,19541.0,-17418.0
758,36,F,2400000,24,4890.0,6849.0,-6265.0
759,28,M,1700000,17,2310.0,3235.0,-2971.0
760,47,F,1100000,11,6139.0,8598.0,-7664.0
761,30,M,2600000,26,4050.0,5673.0,-5203.0
762,42,M,1600000,16,7306.0,10232.0,-9196.0
763,54,M,2600000,26,32815.0,45960.0,-38871.0
764,54,F,1600000,16,15883.0,22245.0,-19191.0
765,36,M,1400000,14,3649.0,5111.0,-4657.0
766,49,F,2800000,28,18525.0,25945.0,-22943.0
767,43,M,2700000,27,13502.0,18911.0,-16941.0
768,39,F,3400000,34,9194.0,12877.0,-11726.0
769,29,M,8300000,83,12041.0,16864.0,-15478.0
770,36,M,2900000,29,7559.0,10587.0,-9646.0
771,45,F,3300000,33,15464.0,21659.0,-19438.0
772,55,M,1400000,14,19103.0,26755.0,-22462.0
773,25,M,1200000,12,1387.0,1943.0,-1787.0
774,47,M,6000000,60,42703.0,59808.0,-52723.0
775,51,M,1500000,15,14912.0,20885.0,-18017.0
776,54,M,1400000,14,17670.0,24748.0,-20931.0
777,38,M,2400000,24,7550.0,10574.0,-9600.0
778,28,M,2400000,24,3261.0,4567.0,-4194.0
779,33,F,1500000,15,2327.0,3258.0,-2990.0
780,51,M,2100000,21,20877.0,29239.0,-25224.0
781,52,M,4900000,49,52798.0,73947.0,-63396.0
782,44,M,1600000,16,8754.0,12260.0,-10945.0
783,28,M,1200000,12,1630.0,2283.0,-2097.0
784,28,M,4200000,42,5706.0,7992.0,-7339.0
785,39,F,3300000,33,8924.0,12498.0,-11382.0
786,43,F,1800000,18,7051.0,9875.0,-8915.0
787,26,M,1000000,10,1213.0,1699.0,-1561.0
788,46,M,1700000,17,11096.0,15541.0,-13762.0
789,41,M,2400000,24,9996.0,14000.0,-12619.0
790,25,M,4700000,47,5434.0,7611.0,-6997.0
791,27,M,1400000,14,1792.0,2509.0,-2306.0
792,39,M,2400000,24,8295.0,11618.0,-10525.0
793,47,M,3600000,36,25622.0,35885.0,-31634.0
794,50,M,700000,7,6413.0,8982.0,-7794.0
795,38,M,4400000,44,13841.0,19386.0,-17600.0
796,34,M,1300000,13,2820.0,3949.0,-3609.0
797,55,M,3000000,30,40935.0,57332.0,-48132.0
798,39,M,2900000,29,10023.0,14038.0,-12717.0
799,34,F,4500000,45,7627.0,10682.0,-9792.0
800,38,M,3400000,34,10696.0,14980.0,-13600.0
801,25,M,700000,7,809.0,1133.0,-1042.0
802,34,M,1600000,16,3471.0,4861.0,-4441.0
803,40,F,2700000,27,8020.0,11233.0,-10210.0
804,53,M,2200000,22,25667.0,35948.0,-30616.0
805,47,F,3300000,33,18417.0,25795.0,-22992.0
806,49,F,3900000,39,25803.0,36138.0,-31956.0
807,41,M,3500000,35,14577.0,20416.0,-18403.0
808,28,M,2200000,22,2989.0,4186.0,-3844.0
809,37,M,900000,9,2577.0,3609.0,-3282.0
810,55,F,1900000,19,20406.0,28580.0,-24513.0
811,26,M,3100000,31,3760.0,5266.0,-4840.0
812,52,F,1400000,14,11850.0,16597.0,-14473.0
813,46,M,3500000,35,22845.0,31996.0,-28333.0
814,33,M,4100000,41,8141.0,11401.0,-10429.0
815,49,M,2700000,27,22767.0,31886.0,-27825.0
816,50,M,500000,5,4581.0,6415.0,-5567.0
817,26,M,1200000,12,1455.0,2038.0,-1873.0
818,28,M,7100000,71,9646.0,13510.0,-12406.0
819,45,F,1900000,19,8904.0,12470.0,-11192.0
820,55,F,800000,8,8592.0,12034.0,-10321.0
821,25,M,4900000,49,5665.0,7934.0,-7295.0
822,45,M,2500000,25,14948.0,20935.0,-18617.0
823,29,M,4600000,46,6673.0,9346.0,-8578.0
824,45,F,2900000,29,13590.0,19033.0,-17082.0
825,44,M,3200000,32,17508.0,24520.0,-21890.0
826,27,F,3100000,31,3097.0,4337.0,-3993.0
827,46,M,3700000,37,24150.0,33824.0,-29953.0
828,52,M,8700000,87,93743.0,131293.0,-112560.0
829,51,M,4300000,43,42747.0,59870.0,-51649.0
830,25,M,1000000,10,1156.0,1619.0,-1489.0
831,32,F,3200000,32,4557.0,6383.0,-5862.0
832,32,M,4700000,47,8570.0,12003.0,-10991.0
833,39,M,4800000,48,16590.0,23235.0,-21049.0
834,29,F,2000000,20,2265.0,3172.0,-2918.0
835,51,F,4700000,47,36688.0,51383.0,-45029.0
836,49,F,4200000,42,27787.0,38918.0,-34414.0
837,50,M,10000000,100,91612.0,128308.0,-111346.0
838,31,M,1700000,17,2858.0,4003.0,-3669.0
839,25,F,1900000,19,1714.0,2401.0,-2212.0
840,53,M,2100000,21,24500.0,34314.0,-29225.0
841,33,M,1900000,19,3772.0,5284.0,-4833.0
842,45,F,1500000,15,7029.0,9845.0,-8836.0
843,53,M,500000,5,5833.0,8170.0,-6958.0
844,26,M,2000000,20,2426.0,3397.0,-3122.0
845,25,F,3100000,31,2797.0,3917.0,-3609.0
846,25,M,1900000,19,2197.0,3077.0,-2829.0
847,29,M,7200000,72,10445.0,14629.0,-13427.0
848,26,M,2500000,25,3032.0,4247.0,-3903.0
849,50,M,5100000,51,46722.0,65437.0,-56787.0
850,43,M,2900000,29,14502.0,20311.0,-18196.0
851,55,F,3900000,39,41887.0,58665.0,-50317.0
852,49,F,2900000,29,19187.0,26872.0,-23762.0
853,54,M,5300000,53,66893.0,93687.0,-79237.0
854,32,M,2600000,26,4741.0,6640.0,-6080.0
855,33,F,3300000,33,5118.0,7169.0,-6578.0
856,51,M,3100000,31,30818.0,43162.0,-37236.0
857,32,M,2100000,21,3829.0,5363.0,-4911.0
858,26,M,3100000,31,3760.0,5266.0,-4840.0
859,45,M,8500000,85,50823.0,71181.0,-63298.0
860,49,M,2200000,22,18551.0,25981.0,-22673.0
861,55,M,3100000,31,42300.0,59243.0,-49737.0
862,53,M,5000000,50,58334.0,81700.0,-69582.0
863,28,M,4700000,47,6386.0,8943.0,-8213.0
864,48,M,2500000,25,19379.0,27141.0,-23809.0
865,51,M,700000,7,6959.0,9746.0,-8408.0
866,46,M,3300000,33,21540.0,30167.0,-26714.0
867,50,M,700000,7,6413.0,8982.0,-7794.0
868,50,M,5600000,56,51303.0,71853.0,-62354.0
869,38,M,2700000,27,8494.0,11896.0,-10800.0
870,26,M,4300000,43,5215.0,7304.0,-6713.0
871,39,M,1500000,15,5184.0,7261.0,-6578.0
872,31,F,1100000,11,1444.0,2023.0,-1859.0
873,28,M,2900000,29,3940.0,5518.0,-5067.0
874,28,F,2500000,25,2651.0,3713.0,-3417.0
875,46,F,1900000,19,9722.0,13617.0,-12180.0
876,40,M,2600000,26,9868.0,13821.0,-12491.0
877,41,M,10000000,100,41649.0,58331.0,-52580.0
878,48,F,4000000,40,24321.0,34063.0,-30245.0
879,41,M,4500000,45,18742.0,26249.0,-23661.0
880,44,M,4000000,40,21884.0,30650.0,-27362.0
881,27,M,5600000,56,7167.0,10038.0,-9222.0
882,51,M,2300000,23,22865.0,32024.0,-27626.0
883,38,M,800000,8,2517.0,3525.0,-3200.0
884,29,F,2300000,23,2605.0,3648.0,-3356.0
885,50,F,3900000,39,28043.0,39276.0,-34579.0
886,47,M,1500000,15,10676.0,14952.0,-13181.0
887,26,F,2300000,23,2177.0,3049.0,-2808.0
888,30,M,1700000,17,2648.0,3709.0,-3402.0
889,25,F,5700000,57,5143.0,7202.0,-6635.0
890,33,M,3800000,38,7545.0,10567.0,-9666.0
891,28,F,3600000,36,3818.0,5347.0,-4921.0
892,47,F,3500000,35,19534.0,27358.0,-24385.0
893,41,M,2400000,24,9996.0,14000.0,-12619.0
894,55,M,2800000,28,38206.0,53510.0,-44923.0
895,48,F,1300000,13,7904.0,11070.0,-9830.0
896,43,M,800000,8,4001.0,5603.0,-5020.0
897,40,M,2700000,27,10248.0,14353.0,-12972.0
898,26,F,3000000,30,2840.0,3977.0,-3663.0
899,27,M,4900000,49,6271.0,8783.0,-8070.0
900,44,M,5900000,59,32279.0,45209.0,-40359.0
901,25,M,5900000,59,6821.0,9554.0,-8784.0
902,26,M,1400000,14,1698.0,2378.0,-2186.0
903,31,F,2100000,21,2757.0,3862.0,-3549.0
904,52,M,3300000,33,35558.0,49801.0,-42695.0
905,39,M,10000000,100,34562.0,48407.0,-43853.0
906,46,M,5600000,56,36552.0,51193.0,-45334.0
907,37,F,4600000,46,10298.0,14423.0,-13175.0
908,30,M,2000000,20,3116.0,4364.0,-4002.0
909,36,F,1500000,15,3057.0,4281.0,-3916.0
910,27,F,3900000,39,3896.0,5456.0,-5023.0
911,48,F,1400000,14,8512.0,11922.0,-10586.0
912,30,F,2200000,22,2676.0,3748.0,-3446.0
913,36,F,2300000,23,4687.0,6564.0,-6004.0
914,55,F,6000000,60,64441.0,90254.0,-77410.0
915,43,M,2100000,21,10502.0,14708.0,-13177.0
916,39,F,700000,7,1893.0,2651.0,-2414.0
917,41,M,3300000,33,13744.0,19249.0,-17351.0
918,49,M,1700000,17,14335.0,20076.0,-17520.0
919,32,F,2600000,26,3703.0,5186.0,-4762.0
920,44,F,2400000,24,10288.0,14409.0,-12971.0
921,52,F,2200000,22,18622.0,26081.0,-22744.0
922,42,M,3900000,39,17808.0,24941.0,-22416.0
923,38,M,1100000,11,3460.0,4846.0,-4400.0
924,29,M,1900000,19,2756.0,3860.0,-3543.0
925,32,M,3600000,36,6565.0,9194.0,-8419.0
926,54,M,1800000,18,22718.0,31818.0,-26911.0
927,41,M,1000000,10,4165.0,5833.0,-5258.0
928,34,M,3600000,36,7809.0,10937.0,-9993.0
929,37,F,4600000,46,10298.0,14423.0,-13175.0
930,42,M,2400000,24,10959.0,15348.0,-13794.0
931,41,F,900000,9,2935.0,4110.0,-3728.0
932,46,M,3700000,37,24150.0,33824.0,-29953.0
933,32,M,1000000,10,1824.0,2554.0,-2339.0
934,45,M,3000000,30,17938.0,25123.0,-22341.0
935,38,M,1500000,15,4719.0,6609.0,-6000.0
936,54,F,1300000,13,12905.0,18074.0,-15593.0
937,29,M,2000000,20,2901.0,4064.0,-3730.0
938,29,M,2300000,23,3337.0,4673.0,-4289.0
939,39,F,1800000,18,4868.0,6817.0,-6208.0
940,40,F,3500000,35,10397.0,14561.0,-13235.0
941,46,M,2000000,20,13054.0,18283.0,-16191.0
942,37,M,4300000,43,12310.0,17242.0,-15683.0
943,53,M,2900000,29,33834.0,47386.0,-40358.0
944,39,M,1700000,17,5876.0,8229.0,-7455.0
945,29,M,1600000,16,2321.0,3251.0,-2984.0
946,28,M,1000000,10,1359.0,1903.0,-1747.0
947,55,F,2900000,29,31147.0,43623.0,-37415.0
948,29,M,2100000,21,3047.0,4267.0,-3916.0
949,54,M,700000,7,8835.0,12374.0,-10465.0
950,33,M,1900000,19,3772.0,5284.0,-4833.0
951,27,F,1500000,15,1498.0,2099.0,-1932.0
952,34,M,5900000,59,12798.0,17924.0,-16377.0
953,44,F,1000000,10,4287.0,6004.0,-5405.0
954,38,F,1100000,11,2707.0,3791.0,-3458.0
955,49,M,4600000,46,38788.0,54325.0,-47406.0
956,43,M,5300000,53,26504.0,37121.0,-33255.0
957,37,M,1700000,17,4867.0,6816.0,-6200.0
958,44,M,1800000,18,9848.0,13793.0,-12313.0
959,55,F,3500000,35,37591.0,52648.0,-45156.0
960,37,M,700000,7,2004.0,2807.0,-2553.0
961,29,F,900000,9,1019.0,1428.0,-1313.0
962,37,M,2100000,21,6012.0,8420.0,-7659.0
963,51,M,5900000,59,58653.0,82147.0,-70868.0
964,31,M,2000000,20,3363.0,4710.0,-4317.0
965,54,M,2600000,26,32815.0,45960.0,-38871.0
966,43,M,4700000,47,23504.0,32918.0,-29491.0
967,43,M,8000000,80,40006.0,56031.0,-50197.0
968,34,M,1800000,18,3904.0,5468.0,-4996.0
969,53,F,2500000,25,22925.0,32108.0,-27854.0
970,26,M,6800000,68,8247.0,11551.0,-10616.0
971,34,F,1100000,11,1864.0,2611.0,-2394.0
972,37,M,4400000,44,12597.0,17643.0,-16047.0
973,39,M,1400000,14,4839.0,6777.0,-6139.0
974,39,M,2600000,26,8986.0,12586.0,-11402.0
975,29,M,2200000,22,3192.0,4470.0,-4103.0
976,31,M,1500000,15,2522.0,3532.0,-3237.0
977,27,M,1500000,15,1920.0,2689.0,-2470.0
978,42,F,2900000,29,10369.0,14523.0,-13143.0
979,35,M,4300000,43,10215.0,14307.0,-13055.0
980,42,M,2300000,23,10502.0,14709.0,-13220.0
981,43,M,2600000,26,13002.0,18210.0,-16314.0
982,46,M,3400000,34,22192.0,31082.0,-27524.0
983,41,M,1500000,15,6247.0,8750.0,-7887.0
984,45,M,3800000,38,22721.0,31822.0,-28298.0
985,43,M,3900000,39,19503.0,27315.0,-24471.0
986,45,M,10000000,100,59792.0,83742.0,-74469.0
987,44,F,2000000,20,8574.0,12008.0,-10810.0
988,34,M,1900000,19,4121.0,5772.0,-5274.0
989,32,F,3800000,38,5412.0,7580.0,-6961.0
990,49,M,3900000,39,32885.0,46058.0,-40192.0
991,35,M,1900000,19,4514.0,6322.0,-5769.0
992,42,F,2000000,20,7151.0,10016.0,-9064.0
993,31,M,3400000,34,5717.0,8007.0,-7338.0
994,38,F,1600000,16,3937.0,5514.0,-5030.0
995,41,M,2000000,20,8330.0,11666.0,-10516.0
996,44,M,2600000,26,14225.0,19923.0,-17785.0
997,41,F,4300000,43,14020.0,19636.0,-17812.0
998,36,M,1800000,18,4692.0,6571.0,-5987.0
999,54,M,900000,9,11359.0,15909.0,-13455.0
1000,40,M,900000,9,3416.0,4784.0,-4324.0
